Nom,Codi,Codi comarca,Nom comarca
Abella de la Conca,250019,25,Pallars Jussà
Abrera,80018,11,Baix Llobregat
Agramunt,250030,38,Urgell
Aguilar de Segarra,80023,7,Bages
Agullana,170010,2,Alt Empordà
Aiguafreda,80142,41,Vallès Oriental
Aiguamúrcia,430017,1,Alt Camp
Aiguaviva,170025,20,Gironès
Aitona,250387,33,Segrià
"Alamús, els",250045,33,Segrià
"Albagés, l'",250061,18,Garrigues
Albanyà,170031,2,Alt Empordà
Albatàrrec,250077,33,Segrià
Albesa,250083,23,Noguera
"Albi, l'",250096,18,Garrigues
Albinyana,430022,12,Baix Penedès
"Albiol, l'",430038,8,Baix Camp
Albons,170046,10,Baix Empordà
Alcanar,430043,22,Montsià
Alcanó,250100,33,Segrià
Alcarràs,250117,33,Segrià
Alcoletge,250122,33,Segrià
Alcover,430056,1,Alt Camp
"Aldea, l'",439044,9,Baix Ebre
Aldover,430069,9,Baix Ebre
"Aleixar, l'",430075,8,Baix Camp
Alella,80039,21,Maresme
Alfara de Carles,430081,9,Baix Ebre
Alfarràs,250138,33,Segrià
Alforja,430094,8,Baix Camp
Alfés,250143,33,Segrià
Algerri,250156,23,Noguera
Alguaire,250169,33,Segrià
Alins,250175,26,Pallars Sobirà
Alió,430108,1,Alt Camp
Almacelles,250194,33,Segrià
Almatret,250208,33,Segrià
Almenar,250215,33,Segrià
Almoster,430115,8,Baix Camp
Alp,170062,15,Cerdanya
Alpens,80044,24,Osona
Alpicat,250236,33,Segrià
Alt Àneu,250241,26,Pallars Sobirà
Altafulla,430120,36,Tarragonès
Alàs i Cerc,250058,4,Alt Urgell
Alòs de Balaguer,250220,23,Noguera
Amer,170078,34,Selva
"Ametlla de Mar, l'",430136,9,Baix Ebre
"Ametlla del Vallès, l'",80057,41,Vallès Oriental
"Ampolla, l'",439060,9,Baix Ebre
Amposta,430141,22,Montsià
Anglesola,250273,38,Urgell
Anglès,170084,34,Selva
Arbeca,250292,18,Garrigues
Arbolí,430154,8,Baix Camp
"Arboç, l'",430167,12,Baix Penedès
Arbúcies,170097,34,Selva
Arenys de Mar,80060,21,Maresme
Arenys de Munt,80076,21,Maresme
Argelaguer,170101,19,Garrotxa
"Argentera, l'",430173,8,Baix Camp
Argentona,80095,21,Maresme
Argençola,80082,6,Anoia
"Armentera, l'",170118,2,Alt Empordà
Arnes,430189,37,Terra Alta
Arres,250313,39,Aran
Arsèguel,250328,4,Alt Urgell
Artesa de Lleida,250334,33,Segrià
Artesa de Segre,250349,23,Noguera
Artés,80109,7,Bages
Ascó,430192,30,Ribera d'Ebre
Aspa,250365,33,Segrià
"Avellanes i Santa Linya, les",250371,23,Noguera
Avinyonet de Puigventós,170123,2,Alt Empordà
Avinyonet del Penedès,80137,3,Alt Penedès
Avinyó,80121,7,Bages
Avià,80116,14,Berguedà
Badalona,80155,13,Barcelonès
Badia del Vallès,89045,40,Vallès Occidental
Bagà,80168,14,Berguedà
Baix Pallars,250390,26,Pallars Sobirà
Balaguer,250404,23,Noguera
Balenyà,80174,24,Osona
Balsareny,80180,7,Bages
Banyeres del Penedès,430206,12,Baix Penedès
Banyoles,170157,28,Pla de l'Estany
Barbens,250411,27,Pla d'Urgell
Barberà de la Conca,430213,16,Conca de Barberà
Barberà del Vallès,82520,40,Vallès Occidental
Barcelona,80193,13,Barcelonès
"Baronia de Rialb, la",250426,23,Noguera
Bassella,250447,4,Alt Urgell
Batea,430228,37,Terra Alta
Bausen,250450,39,Aran
Begues,80207,11,Baix Llobregat
Begur,170139,10,Baix Empordà
Belianes,250463,38,Urgell
Bell-lloc d'Urgell,250485,27,Pla d'Urgell
Bellaguarda,251706,18,Garrigues
Bellcaire d'Empordà,170182,10,Baix Empordà
Bellcaire d'Urgell,250479,23,Noguera
Bellmunt d'Urgell,250498,23,Noguera
Bellmunt del Priorat,430234,29,Priorat
Bellprat,80214,6,Anoia
Bellpuig,250501,38,Urgell
Bellvei,430249,12,Baix Penedès
Bellver de Cerdanya,250518,15,Cerdanya
Bellvís,250523,27,Pla d'Urgell
Benavent de Segrià,250539,33,Segrià
Benifallet,430252,9,Baix Ebre
Benissanet,430265,30,Ribera d'Ebre
Berga,80229,14,Berguedà
Besalú,170195,19,Garrotxa
Bescanó,170209,20,Gironès
Beuda,170216,19,Garrotxa
Bigues i Riells,80235,41,Vallès Oriental
Biosca,250557,32,Segarra
"Bisbal d'Empordà, la",170221,10,Baix Empordà
"Bisbal de Falset, la",430271,29,Priorat
"Bisbal del Penedès, la",430287,12,Baix Penedès
Biure,172348,2,Alt Empordà
Blancafort,430290,16,Conca de Barberà
Blanes,170237,34,Selva
Boadella i les Escaules,170293,2,Alt Empordà
Bolvir,170242,15,Cerdanya
Bonastre,430304,12,Baix Penedès
Bordils,170255,20,Gironès
"Borges Blanques, les",250582,18,Garrigues
"Borges del Camp, les",430311,8,Baix Camp
Borrassà,170268,2,Alt Empordà
Borredà,80240,14,Berguedà
Bossòst,250595,39,Aran
Bot,430326,37,Terra Alta
Botarell,430332,8,Baix Camp
Bovera,250560,18,Garrigues
Breda,170274,34,Selva
"Bruc, el",80253,6,Anoia
"Brull, el",80266,24,Osona
Brunyola,170280,34,Selva
Bràfim,430347,1,Alt Camp
Bàscara,170160,2,Alt Empordà
"Bòrdes, Es",250576,39,Aran
Cabacés,430350,29,Priorat
Cabanabona,250609,23,Noguera
Cabanelles,170314,2,Alt Empordà
Cabanes,170307,2,Alt Empordà
"Cabanyes, les",80272,3,Alt Penedès
Cabra del Camp,430363,1,Alt Camp
Cabrera d'Anoia,80288,6,Anoia
Cabrera de Mar,80291,21,Maresme
Cabrils,80305,21,Maresme
Cabó,250616,4,Alt Urgell
Cadaqués,170329,2,Alt Empordà
Calaf,80312,6,Anoia
Calafell,430379,12,Baix Penedès
Calders,80348,42,Moianès
Caldes d'Estrac,80327,21,Maresme
Caldes de Malavella,170335,34,Selva
Caldes de Montbui,80333,41,Vallès Oriental
Calella,80351,21,Maresme
Calldetenes,80370,24,Osona
Callús,80386,7,Bages
Calonge,170340,10,Baix Empordà
Calonge de Segarra,80364,6,Anoia
Camarasa,250621,23,Noguera
Camarles,439039,9,Baix Ebre
Cambrils,430385,8,Baix Camp
Campdevànol,170366,31,Ripollès
Campelles,170372,31,Ripollès
Campins,80399,41,Vallès Oriental
Campllong,170388,20,Gironès
Camprodon,170391,31,Ripollès
Camós,170353,28,Pla de l'Estany
Canejan,250637,39,Aran
Canet d'Adri,170405,20,Gironès
Canet de Mar,80403,21,Maresme
"Canonja, la",439076,36,Tarragonès
Canovelles,80410,41,Vallès Oriental
Cantallops,170412,2,Alt Empordà
Canyelles,80431,17,Garraf
Capafonts,430398,8,Baix Camp
Capellades,80446,6,Anoia
Capmany,170427,2,Alt Empordà
Capolat,80459,14,Berguedà
Capçanes,430402,29,Priorat
Cardedeu,80462,41,Vallès Oriental
Cardona,80478,7,Bages
Carme,80484,6,Anoia
Caseres,430419,37,Terra Alta
Casserres,80497,14,Berguedà
Cassà de la Selva,170448,20,Gironès
Castell de Mur,259046,25,Pallars Jussà
Castell de l'Areny,80575,14,Berguedà
Castell-Platja d'Aro,170486,10,Baix Empordà
Castellar de la Ribera,250642,35,Solsonès
Castellar de n'Hug,80522,14,Berguedà
Castellar del Riu,80500,14,Berguedà
Castellar del Vallès,80517,40,Vallès Occidental
Castellbell i el Vilar,80538,7,Bages
Castellbisbal,80543,40,Vallès Occidental
Castellcir,80556,42,Moianès
Castelldans,250674,18,Garrigues
Castelldefels,80569,11,Baix Llobregat
Castellet i la Gornal,80581,3,Alt Penedès
Castellfollit de Riubregós,80608,6,Anoia
Castellfollit de la Roca,170464,19,Garrotxa
Castellfollit del Boix,80594,7,Bages
Castellgalí,80615,7,Bages
Castellnou de Bages,80620,7,Bages
Castellnou de Seana,250680,27,Pla d'Urgell
Castellolí,80636,6,Anoia
Castellserà,250707,38,Urgell
Castellterçol,80641,42,Moianès
Castellvell del Camp,430424,8,Baix Camp
Castellví de Rosanes,80667,11,Baix Llobregat
Castellví de la Marca,80654,3,Alt Penedès
Castelló d'Empúries,170470,2,Alt Empordà
Castelló de Farfanya,250693,23,Noguera
"Catllar, el",430430,36,Tarragonès
Cava,250714,4,Alt Urgell
"Cellera de Ter, la",171899,34,Selva
Celrà,170499,20,Gironès
Centelles,80673,24,Osona
Cercs,82687,14,Berguedà
Cerdanyola del Vallès,82665,40,Vallès Occidental
Cervelló,80689,11,Baix Llobregat
Cervera,250729,32,Segarra
Cervià de Ter,170502,20,Gironès
Cervià de les Garrigues,250735,18,Garrigues
Cistella,170519,2,Alt Empordà
Ciutadilla,250740,38,Urgell
Clariana de Cardener,250753,35,Solsonès
"Cogul, el",250766,18,Garrigues
Colera,170545,2,Alt Empordà
Coll de Nargó,250772,4,Alt Urgell
Collbató,80692,11,Baix Llobregat
Colldejou,430458,8,Baix Camp
Collsuspina,80706,42,Moianès
Colomers,170558,10,Baix Empordà
"Coma i la Pedra, la",251636,35,Solsonès
Conca de Dalt,251615,25,Pallars Jussà
Conesa,430461,16,Conca de Barberà
Constantí,430477,36,Tarragonès
Copons,80713,6,Anoia
Corbera d'Ebre,430483,37,Terra Alta
Corbera de Llobregat,80728,11,Baix Llobregat
Corbins,250788,33,Segrià
Cornellà de Llobregat,80734,11,Baix Llobregat
Cornellà del Terri,170561,28,Pla de l'Estany
Cornudella de Montsant,430496,29,Priorat
Corçà,170577,10,Baix Empordà
Creixell,430509,36,Tarragonès
Crespià,170583,28,Pla de l'Estany
"Cruïlles, Monells i Sant Sadurní de l'Heura",179011,10,Baix Empordà
Cubelles,80749,17,Garraf
Cubells,250791,23,Noguera
Cunit,430516,12,Baix Penedès
Cànoves i Samalús,80425,41,Vallès Oriental
Darnius,170600,2,Alt Empordà
Das,170617,15,Cerdanya
Deltebre,439018,9,Baix Ebre
Dosrius,80752,21,Maresme
Duesaigües,430537,8,Baix Camp
"Escala, l'",170622,2,Alt Empordà
Esparreguera,80765,11,Baix Llobregat
Espinelves,170638,24,Osona
"Espluga Calba, l'",250812,18,Garrigues
"Espluga de Francolí, l'",430542,16,Conca de Barberà
Esplugues de Llobregat,80771,11,Baix Llobregat
Espolla,170643,2,Alt Empordà
Esponellà,170656,28,Pla de l'Estany
Espot,250827,26,Pallars Sobirà
"Espunyola, l'",80787,14,Berguedà
"Esquirol, l'",82541,24,Osona
Estamariu,250886,4,Alt Urgell
"Estany, l'",80790,42,Moianès
Estaràs,250851,32,Segarra
Esterri d'Àneu,250864,26,Pallars Sobirà
Esterri de Cardós,250870,26,Pallars Sobirà
Falset,430555,29,Priorat
"Far d'Empordà, el",170059,2,Alt Empordà
Farrera,250899,26,Pallars Sobirà
"Fatarella, la",430568,37,Terra Alta
"Febró, la",430574,8,Baix Camp
Figaró-Montmany,81347,41,Vallès Oriental
"Figuera, la",430580,29,Priorat
Figueres,170669,2,Alt Empordà
Figuerola del Camp,430593,1,Alt Camp
Flaçà,170675,20,Gironès
Flix,430607,30,Ribera d'Ebre
"Floresta, la",250925,18,Garrigues
Fogars de Montclús,80811,41,Vallès Oriental
Fogars de la Selva,80826,34,Selva
Foixà,170681,10,Baix Empordà
Folgueroles,80832,24,Osona
Fondarella,250931,27,Pla d'Urgell
Fonollosa,80847,7,Bages
Font-rubí,80850,3,Alt Penedès
Fontanals de Cerdanya,170694,15,Cerdanya
Fontanilles,170708,10,Baix Empordà
Fontcoberta,170715,28,Pla de l'Estany
Foradada,250946,23,Noguera
Forallac,179026,10,Baix Empordà
Fornells de la Selva,170736,20,Gironès
Fortià,170741,2,Alt Empordà
Forès,430614,16,Conca de Barberà
"Franqueses del Vallès, les",80863,41,Vallès Oriental
Freginals,430629,22,Montsià
"Fuliola, la",250962,38,Urgell
Fulleda,250978,18,Garrigues
Fígols,80804,14,Berguedà
Fígols i Alinyà,259084,4,Alt Urgell
Gaià,80902,7,Bages
"Galera, la",430635,22,Montsià
Gallifa,80879,40,Vallès Occidental
Gandesa,430640,37,Terra Alta
Garcia,430653,30,Ribera d'Ebre
"Garidells, els",430666,1,Alt Camp
"Garriga, la",80885,41,Vallès Oriental
Garrigoles,170767,10,Baix Empordà
Garriguella,170773,2,Alt Empordà
Garrigàs,170754,2,Alt Empordà
Gavet de la Conca,250984,25,Pallars Jussà
Gavà,80898,11,Baix Llobregat
Gelida,80919,3,Alt Penedès
Ger,170789,15,Cerdanya
Gimenells i el Pla de la Font,259123,33,Segrià
Ginestar,430672,30,Ribera d'Ebre
Girona,170792,20,Gironès
Gironella,80924,14,Berguedà
Gisclareny,80930,14,Berguedà
Godall,430688,22,Montsià
Golmés,250997,27,Pla d'Urgell
Gombrèn,170806,31,Ripollès
"Granada, la",80945,3,Alt Penedès
"Granadella, la",251018,18,Garrigues
Granera,80958,42,Moianès
"Granja d'Escarp, la",251023,33,Segrià
Granollers,80961,41,Vallès Oriental
Granyanella,251039,32,Segarra
Granyena de Segarra,251044,32,Segarra
Granyena de les Garrigues,251057,18,Garrigues
Gratallops,430691,29,Priorat
Gualba,80977,41,Vallès Oriental
Gualta,170813,10,Baix Empordà
Guardiola de Berguedà,80996,14,Berguedà
"Guiamets, els",430705,29,Priorat
Guils de Cerdanya,170828,15,Cerdanya
Guimerà,251095,38,Urgell
"Guingueta d'Àneu, la",259031,26,Pallars Sobirà
Guissona,251109,32,Segarra
Guixers,251116,35,Solsonès
Gurb,81000,24,Osona
Gósol,251001,14,Berguedà
Horta de Sant Joan,430712,37,Terra Alta
"Hospitalet de Llobregat, l'",81017,13,Barcelonès
"Hostalets de Pierola, els",81629,6,Anoia
Hostalric,170834,34,Selva
Igualada,81022,6,Anoia
Isona i Conca Dellà,251155,25,Pallars Jussà
Isòvol,170849,15,Cerdanya
Ivars d'Urgell,251137,27,Pla d'Urgell
Ivars de Noguera,251121,23,Noguera
Ivorra,251142,32,Segarra
Jafre,170852,10,Baix Empordà
"Jonquera, la",170865,2,Alt Empordà
Jorba,81038,6,Anoia
Josa i Tuixén,259101,4,Alt Urgell
Juià,170871,20,Gironès
Juncosa,251180,18,Garrigues
Juneda,251193,18,Garrigues
Les,251214,39,Aran
Linyola,251229,27,Pla d'Urgell
"Llacuna, la",81043,6,Anoia
Lladorre,251235,26,Pallars Sobirà
Lladurs,251240,35,Solsonès
Lladó,170887,2,Alt Empordà
"Llagosta, la",81056,41,Vallès Oriental
Llagostera,170890,20,Gironès
Llambilles,170904,20,Gironès
Llanars,170911,31,Ripollès
Llançà,170926,2,Alt Empordà
Llardecans,251253,33,Segrià
Llavorsí,251266,26,Pallars Sobirà
Lleida,251207,33,Segrià
Llers,170932,2,Alt Empordà
Lles de Cerdanya,251272,15,Cerdanya
Llimiana,251288,25,Pallars Jussà
Llinars del Vallès,81069,41,Vallès Oriental
Lliçà d'Amunt,81075,41,Vallès Oriental
Lliçà de Vall,81081,41,Vallès Oriental
"Lloar, el",430727,29,Priorat
Llobera,251291,35,Solsonès
Llorac,430733,16,Conca de Barberà
Llorenç del Penedès,430748,12,Baix Penedès
Lloret de Mar,170950,34,Selva
"Llosses, les",170963,31,Ripollès
Lluçà,81094,24,Osona
Llívia,170947,15,Cerdanya
Madremanya,170979,20,Gironès
Maials,251333,33,Segrià
Maià de Montcal,170985,19,Garrotxa
Maldà,251305,38,Urgell
Malgrat de Mar,81108,21,Maresme
Malla,81115,24,Osona
Manlleu,81120,24,Osona
Manresa,81136,7,Bages
Margalef,430751,29,Priorat
Marganell,82423,7,Bages
Martorell,81141,11,Baix Llobregat
Martorelles,81154,41,Vallès Oriental
Marçà,430764,29,Priorat
Mas de Barberans,430770,22,Montsià
Masarac,171002,2,Alt Empordà
Masdenverge,430786,22,Montsià
"Masies de Roda, les",81167,24,Osona
"Masies de Voltregà, les",81173,24,Osona
Masllorenç,430799,12,Baix Penedès
"Masnou, el",81189,21,Maresme
Maspujols,430810,8,Baix Camp
Masquefa,81192,6,Anoia
"Masroig, el",430825,29,Priorat
Massalcoreig,251312,33,Segrià
Massanes,171019,34,Selva
Massoteres,251327,32,Segarra
"Masó, la",430803,1,Alt Camp
Matadepera,81206,40,Vallès Occidental
Mataró,81213,21,Maresme
Maçanet de Cabrenys,171024,2,Alt Empordà
Maçanet de la Selva,171030,34,Selva
Medinyà,171045,20,Gironès
Mediona,81228,3,Alt Penedès
Menàrguens,251348,23,Noguera
Meranges,170998,15,Cerdanya
Mieres,171058,19,Garrotxa
"Milà, el",430831,1,Alt Camp
Miralcamp,251351,27,Pla d'Urgell
Miravet,430846,30,Ribera d'Ebre
Moià,81385,42,Moianès
"Molar, el",430859,29,Priorat
Molins de Rei,81234,11,Baix Llobregat
Mollerussa,251370,27,Pla d'Urgell
Mollet de Peralada,171061,2,Alt Empordà
Mollet del Vallès,81249,41,Vallès Oriental
Molló,171077,31,Ripollès
"Molsosa, la",251364,35,Solsonès
Monistrol de Calders,81287,42,Moianès
Monistrol de Montserrat,81271,7,Bages
Mont-ral,430918,1,Alt Camp
Mont-ras,171100,10,Baix Empordà
Mont-roig del Camp,430923,8,Baix Camp
Montagut i Oix,171096,19,Garrotxa
Montblanc,430862,16,Conca de Barberà
Montbrió del Camp,430884,8,Baix Camp
Montcada i Reixac,81252,40,Vallès Occidental
Montclar,81304,14,Berguedà
Montellà i Martinet,251399,15,Cerdanya
Montesquiu,81311,24,Osona
Montferrer i Castellbò,251403,4,Alt Urgell
Montferri,430897,1,Alt Camp
Montgai,251386,23,Noguera
Montgat,81265,21,Maresme
Montmajor,81326,14,Berguedà
Montmaneu,81332,6,Anoia
"Montmell, el",430901,12,Baix Penedès
Montmeló,81350,41,Vallès Oriental
Montoliu de Lleida,251425,33,Segrià
Montoliu de Segarra,251410,32,Segarra
Montornès de Segarra,251431,32,Segarra
Montornès del Vallès,81363,41,Vallès Oriental
Montseny,81379,41,Vallès Oriental
"Morell, el",430957,36,Tarragonès
"Morera de Montsant, la",430960,29,Priorat
Muntanyola,81290,24,Osona
Mura,81398,7,Bages
Móra d'Ebre,430939,30,Ribera d'Ebre
Móra la Nova,430944,30,Ribera d'Ebre
Nalec,251459,38,Urgell
Naut Aran,250254,39,Aran
Navarcles,81402,7,Bages
Navata,171117,2,Alt Empordà
Navàs,81419,7,Bages
Navès,251462,35,Solsonès
"Nou de Berguedà, la",81424,14,Berguedà
"Nou de Gaià, la",430976,36,Tarragonès
Nulles,430982,1,Alt Camp
Odèn,251484,35,Solsonès
Ogassa,171122,31,Ripollès
Olesa de Bonesvalls,81461,3,Alt Penedès
Olesa de Montserrat,81477,11,Baix Llobregat
Oliana,251497,4,Alt Urgell
Oliola,251500,23,Noguera
Olius,251517,35,Solsonès
Olivella,81483,17,Garraf
Olost,81496,24,Osona
Olot,171143,19,Garrotxa
"Oluges, les",251522,32,Segarra
Olvan,81445,14,Berguedà
Olèrdola,81458,3,Alt Penedès
"Omellons, els",251538,18,Garrigues
"Omells de na Gaia, els",251543,38,Urgell
Ordis,171156,2,Alt Empordà
Organyà,251556,4,Alt Urgell
Oristà,81516,24,Osona
Orpí,81521,6,Anoia
Orís,81509,24,Osona
Os de Balaguer,251569,23,Noguera
Osor,171169,34,Selva
Ossó de Sió,251575,38,Urgell
Pacs del Penedès,81542,3,Alt Penedès
Palafolls,81555,21,Maresme
Palafrugell,171175,10,Baix Empordà
Palamós,171181,10,Baix Empordà
"Palau d'Anglesola, el",251581,27,Pla d'Urgell
Palau de Santa Eulàlia,171194,2,Alt Empordà
Palau-sator,171215,10,Baix Empordà
Palau-saverdera,171208,2,Alt Empordà
Palau-solità i Plegamans,81568,40,Vallès Occidental
"Pallaresos, els",431009,36,Tarragonès
Pallejà,81574,11,Baix Llobregat
"Palma d'Ebre, la",430995,30,Ribera d'Ebre
"Palma de Cervelló, la",89058,11,Baix Llobregat
Palol de Revardit,171236,28,Pla de l'Estany
Pals,171241,10,Baix Empordà
"Papiol, el",81580,11,Baix Llobregat
Pardines,171254,31,Ripollès
Parets del Vallès,81593,41,Vallès Oriental
Parlavà,171267,10,Baix Empordà
Passanant i Belltall,431016,16,Conca de Barberà
Pau,171289,2,Alt Empordà
Paüls,431021,9,Baix Ebre
Pedret i Marzà,171292,2,Alt Empordà
Penelles,251641,23,Noguera
"Pera, la",171306,10,Baix Empordà
Perafita,81607,24,Osona
Perafort,431037,36,Tarragonès
Peralada,171328,2,Alt Empordà
Peramola,251654,4,Alt Urgell
"Perelló, el",431042,9,Baix Ebre
Piera,81614,6,Anoia
"Piles, les",431055,16,Conca de Barberà
Pineda de Mar,81635,21,Maresme
"Pinell de Brai, el",431068,37,Terra Alta
Pinell de Solsonès,251667,35,Solsonès
Pinós,251673,35,Solsonès
Pira,431074,16,Conca de Barberà
"Pla de Santa Maria, el",431080,1,Alt Camp
"Pla del Penedès, el",81640,3,Alt Penedès
"Planes d'Hostoles, les",171334,19,Garrotxa
Planoles,171349,31,Ripollès
"Plans de Sió, els",259118,32,Segarra
"Poal, el",251689,27,Pla d'Urgell
"Pobla de Claramunt, la",81653,6,Anoia
"Pobla de Cérvoles, la",251692,18,Garrigues
"Pobla de Lillet, la",81666,14,Berguedà
"Pobla de Mafumet, la",431093,36,Tarragonès
"Pobla de Massaluca, la",431107,37,Terra Alta
"Pobla de Montornès, la",431114,36,Tarragonès
"Pobla de Segur, la",251713,25,Pallars Jussà
Poboleda,431129,29,Priorat
Polinyà,81672,40,Vallès Occidental
"Pont d'Armentera, el",431135,1,Alt Camp
"Pont de Bar, el",250306,4,Alt Urgell
Pont de Molins,171352,2,Alt Empordà
"Pont de Suert, el",251734,5,Alta Ribagorça
"Pont de Vilomara i Rocafort, el",81825,7,Bages
Pontils,431418,16,Conca de Barberà
Pontons,81688,3,Alt Penedès
Ponts,251728,23,Noguera
Pontós,171365,2,Alt Empordà
Porqueres,171371,28,Pla de l'Estany
Porrera,431140,29,Priorat
"Port de la Selva, el",171404,2,Alt Empordà
Portbou,171387,2,Alt Empordà
"Portella, la",251749,33,Segrià
Pradell de la Teixeta,431153,29,Priorat
Prades,431166,8,Baix Camp
Prat de Comte,431172,37,Terra Alta
"Prat de Llobregat, el",81691,11,Baix Llobregat
Pratdip,431188,8,Baix Camp
Prats de Lluçanès,81712,24,Osona
"Prats de Rei, els",81705,6,Anoia
Prats i Sansor,251752,15,Cerdanya
Preixana,251765,38,Urgell
Preixens,251771,23,Noguera
Premià de Dalt,82303,21,Maresme
Premià de Mar,81727,21,Maresme
"Preses, les",171390,19,Garrotxa
Prullans,251790,15,Cerdanya
Puig-reig,81751,14,Berguedà
Puigcerdà,171411,15,Cerdanya
Puigdàlber,81748,3,Alt Penedès
Puiggròs,251804,18,Garrigues
Puigpelat,431191,1,Alt Camp
Puigverd d'Agramunt,251811,38,Urgell
Puigverd de Lleida,251826,33,Segrià
Pujalt,81764,6,Anoia
"Quar, la",81770,14,Berguedà
Quart,171426,20,Gironès
Queralbs,170433,31,Ripollès
Querol,431205,1,Alt Camp
Rabós,171432,2,Alt Empordà
Rajadell,81786,7,Bages
Rasquera,431212,30,Ribera d'Ebre
Regencós,171447,10,Baix Empordà
Rellinars,81799,40,Vallès Occidental
Renau,431227,36,Tarragonès
Reus,431233,8,Baix Camp
Rialp,251832,26,Pallars Sobirà
"Riba, la",431248,1,Alt Camp
Riba-roja d'Ebre,431251,30,Ribera d'Ebre
Ribera d'Ondara,259059,32,Segarra
Ribera d'Urgellet,251850,4,Alt Urgell
Ribes de Freser,171450,31,Ripollès
Riells i Viabrea,171463,34,Selva
"Riera de Gaià, la",431264,36,Tarragonès
Riner,251863,35,Solsonès
Ripoll,171479,31,Ripollès
Ripollet,81803,40,Vallès Occidental
Riu de Cerdanya,259139,15,Cerdanya
Riudarenes,171485,34,Selva
Riudaura,171498,19,Garrotxa
Riudecanyes,431270,8,Baix Camp
Riudecols,431286,8,Baix Camp
Riudellots de la Selva,171501,34,Selva
Riudoms,431299,8,Baix Camp
Riumors,171518,2,Alt Empordà
"Roca del Vallès, la",81810,41,Vallès Oriental
Rocafort de Queralt,431303,16,Conca de Barberà
Roda de Berà,431310,36,Tarragonès
Roda de Ter,81831,24,Osona
Rodonyà,431325,1,Alt Camp
Roquetes,431331,9,Baix Ebre
Roses,171523,2,Alt Empordà
Rosselló,251898,33,Segrià
"Rourell, el",431346,1,Alt Camp
Rubió,81859,6,Anoia
Rubí,81846,40,Vallès Occidental
Rupit i Pruit,89019,24,Osona
Rupià,171539,10,Baix Empordà
Sabadell,81878,40,Vallès Occidental
Sagàs,81884,14,Berguedà
Saldes,81901,14,Berguedà
Sales de Llierca,171544,19,Garrotxa
Sallent,81918,7,Bages
Salomó,431359,36,Tarragonès
Salou,439057,36,Tarragonès
Salt,171557,20,Gironès
Salàs de Pallars,251902,25,Pallars Jussà
Sanaüja,251919,32,Segarra
Sant Adrià de Besòs,81944,13,Barcelonès
Sant Agustí de Lluçanès,81957,24,Osona
Sant Andreu Salou,171576,20,Gironès
Sant Andreu de Llavaneres,81976,21,Maresme
Sant Andreu de la Barca,81960,11,Baix Llobregat
Sant Aniol de Finestres,171833,19,Garrotxa
Sant Antoni de Vilamajor,81982,41,Vallès Oriental
Sant Bartomeu del Grau,81995,24,Osona
Sant Boi de Llobregat,82009,11,Baix Llobregat
Sant Boi de Lluçanès,82016,24,Osona
Sant Carles de la Ràpita,431362,22,Montsià
Sant Cebrià de Vallalta,82037,21,Maresme
Sant Celoni,82021,41,Vallès Oriental
Sant Climent Sescebes,171582,2,Alt Empordà
Sant Climent de Llobregat,82042,11,Baix Llobregat
Sant Cugat Sesgarrigues,82068,3,Alt Penedès
Sant Cugat del Vallès,82055,40,Vallès Occidental
Sant Esteve Sesrovires,82080,11,Baix Llobregat
Sant Esteve de Palautordera,82074,41,Vallès Oriental
Sant Esteve de la Sarga,251961,25,Pallars Jussà
Sant Feliu Sasserra,82129,7,Bages
Sant Feliu de Buixalleu,171595,34,Selva
Sant Feliu de Codines,82107,41,Vallès Oriental
Sant Feliu de Guíxols,171609,10,Baix Empordà
Sant Feliu de Llobregat,82114,11,Baix Llobregat
Sant Feliu de Pallerols,171616,19,Garrotxa
Sant Ferriol,171621,19,Garrotxa
Sant Fost de Campsentelles,82093,41,Vallès Oriental
Sant Fruitós de Bages,82135,7,Bages
Sant Gregori,171637,20,Gironès
Sant Guim de Freixenet,251924,32,Segarra
Sant Guim de la Plana,251977,32,Segarra
Sant Hilari Sacalm,171642,34,Selva
Sant Hipòlit de Voltregà,82153,24,Osona
Sant Iscle de Vallalta,81939,21,Maresme
Sant Jaume d'Enveja,439023,22,Montsià
Sant Jaume de Frontanyà,82166,14,Berguedà
Sant Jaume de Llierca,171655,19,Garrotxa
Sant Jaume dels Domenys,431378,12,Baix Penedès
Sant Joan Despí,82172,11,Baix Llobregat
Sant Joan de Mollet,171680,20,Gironès
Sant Joan de Vilatorrada,82188,7,Bages
Sant Joan de les Abadesses,171674,31,Ripollès
Sant Joan les Fonts,171851,19,Garrotxa
Sant Jordi Desvalls,171668,20,Gironès
Sant Julià de Cerdanyola,89030,14,Berguedà
Sant Julià de Ramis,171693,20,Gironès
Sant Julià de Vilatorta,82205,24,Osona
Sant Julià del Llor i Bonmatí,179032,34,Selva
Sant Just Desvern,82212,11,Baix Llobregat
Sant Llorenç Savall,82233,40,Vallès Occidental
Sant Llorenç d'Hortons,82227,3,Alt Penedès
Sant Llorenç de Morunys,251930,35,Solsonès
Sant Llorenç de la Muga,171714,2,Alt Empordà
Sant Martí Sarroca,82270,3,Alt Penedès
Sant Martí Sesgueioles,82286,6,Anoia
Sant Martí Vell,171735,20,Gironès
Sant Martí d'Albars,82251,24,Osona
Sant Martí de Centelles,82248,24,Osona
Sant Martí de Llémena,171729,20,Gironès
Sant Martí de Riucorb,259025,38,Urgell
Sant Martí de Tous,82264,6,Anoia
Sant Mateu de Bages,82299,7,Bages
Sant Miquel de Campmajor,171740,28,Pla de l'Estany
Sant Miquel de Fluvià,171753,2,Alt Empordà
Sant Mori,171766,2,Alt Empordà
Sant Pau de Segúries,171772,31,Ripollès
Sant Pere Pescador,171788,2,Alt Empordà
Sant Pere Sallavinera,81897,6,Anoia
Sant Pere de Ribes,82310,17,Garraf
Sant Pere de Riudebitlles,82325,3,Alt Penedès
Sant Pere de Torelló,82331,24,Osona
Sant Pere de Vilamajor,82346,41,Vallès Oriental
Sant Pol de Mar,82359,21,Maresme
Sant Quintí de Mediona,82362,3,Alt Penedès
Sant Quirze Safaja,82397,42,Moianès
Sant Quirze de Besora,82378,24,Osona
Sant Quirze del Vallès,82384,40,Vallès Occidental
Sant Ramon,251945,32,Segarra
Sant Sadurní d'Anoia,82401,3,Alt Penedès
Sant Sadurní d'Osormort,82418,24,Osona
Sant Salvador de Guardiola,80983,7,Bages
Sant Vicenç de Castellet,82628,7,Bages
Sant Vicenç de Montalt,82649,21,Maresme
Sant Vicenç de Torelló,82652,24,Osona
Sant Vicenç dels Horts,82634,11,Baix Llobregat
Santa Bàrbara,431384,22,Montsià
Santa Cecília de Voltregà,82439,24,Osona
Santa Coloma de Cervelló,82444,11,Baix Llobregat
Santa Coloma de Farners,171805,34,Selva
Santa Coloma de Gramenet,82457,13,Barcelonès
Santa Coloma de Queralt,431397,16,Conca de Barberà
Santa Cristina d'Aro,171812,10,Baix Empordà
Santa Eugènia de Berga,82460,24,Osona
Santa Eulàlia de Riuprimer,82476,24,Osona
Santa Eulàlia de Ronçana,82482,41,Vallès Oriental
Santa Fe del Penedès,82495,3,Alt Penedès
Santa Llogaia d'Àlguema,171827,2,Alt Empordà
Santa Margarida de Montbui,82508,6,Anoia
Santa Margarida i els Monjos,82515,3,Alt Penedès
Santa Maria d'Oló,82589,42,Moianès
Santa Maria de Besora,82536,24,Osona
Santa Maria de Martorelles,82567,41,Vallès Oriental
Santa Maria de Merlès,82554,14,Berguedà
Santa Maria de Miralles,82573,6,Anoia
Santa Maria de Palautordera,82592,41,Vallès Oriental
Santa Oliva,431401,12,Baix Penedès
Santa Pau,171848,19,Garrotxa
Santa Perpètua de Mogoda,82606,40,Vallès Occidental
Santa Susanna,82613,21,Maresme
Santpedor,81923,7,Bages
Sarral,431423,16,Conca de Barberà
Sarrià de Ter,171864,20,Gironès
Sarroca de Bellera,252017,25,Pallars Jussà
Sarroca de Lleida,252000,33,Segrià
"Saus, Camallera i Llampaies",171870,2,Alt Empordà
Savallà del Comtat,431439,16,Conca de Barberà
"Secuita, la",431444,36,Tarragonès
"Selva de Mar, la",171886,2,Alt Empordà
"Selva del Camp, la",431457,8,Baix Camp
Senan,431460,16,Conca de Barberà
Senterada,252022,25,Pallars Jussà
"Sentiu de Sió, la",250352,23,Noguera
Sentmenat,82671,40,Vallès Occidental
Serinyà,171903,28,Pla de l'Estany
Serra de Daró,171910,10,Baix Empordà
Seròs,252043,33,Segrià
Setcases,171925,31,Ripollès
"Seu d'Urgell, la",252038,4,Alt Urgell
Seva,82690,24,Osona
Sidamon,252056,27,Pla d'Urgell
Sils,171931,34,Selva
Sitges,82704,17,Garraf
Siurana,170524,2,Alt Empordà
Sobremunt,82711,24,Osona
"Soleràs, el",252069,18,Garrigues
Solivella,431476,16,Conca de Barberà
Solsona,252075,35,Solsonès
Sora,82726,24,Osona
Soriguera,252081,26,Pallars Sobirà
Sort,252094,26,Pallars Sobirà
Soses,252108,33,Segrià
Subirats,82732,3,Alt Penedès
Sudanell,252115,33,Segrià
Sunyer,252120,33,Segrià
Susqueda,171946,34,Selva
"Sénia, la",430445,22,Montsià
Súria,82747,7,Bages
Tagamanent,82763,41,Vallès Oriental
Talamanca,82779,7,Bages
Talarn,252154,25,Pallars Jussà
Talavera,252167,32,Segarra
"Tallada d'Empordà, la",171959,10,Baix Empordà
Taradell,82785,24,Osona
Tarragona,431482,36,Tarragonès
Tarroja de Segarra,252192,32,Segarra
Tarrés,252189,18,Garrigues
Tavertet,82802,24,Osona
Tavèrnoles,82750,24,Osona
Teià,82819,21,Maresme
Terrades,171962,2,Alt Empordà
Terrassa,82798,40,Vallès Occidental
Tiana,82824,21,Maresme
Tiurana,252228,23,Noguera
Tivenys,431495,9,Baix Ebre
Tivissa,431508,30,Ribera d'Ebre
Tona,82830,24,Osona
Tordera,82845,21,Maresme
Torelló,82858,24,Osona
"Torms, els",252249,18,Garrigues
Tornabous,252252,38,Urgell
"Torre de Cabdella, la",252271,25,Pallars Jussà
"Torre de Claramunt, la",82861,6,Anoia
"Torre de Fontaubella, la",431515,29,Priorat
"Torre de l'Espanyol, la",431520,30,Ribera d'Ebre
Torre-serona,252332,33,Segrià
Torrebesses,252265,33,Segrià
Torredembarra,431536,36,Tarragonès
Torrefarrera,252287,33,Segrià
Torrefeta i Florejacs,259078,32,Segarra
Torregrossa,252304,27,Pla d'Urgell
Torrelameu,252311,23,Noguera
Torrelavit,82877,3,Alt Penedès
Torrelles de Foix,82883,3,Alt Penedès
Torrelles de Llobregat,82896,11,Baix Llobregat
Torrent,171978,10,Baix Empordà
Torres de Segre,252326,33,Segrià
Torroella de Fluvià,171984,2,Alt Empordà
Torroella de Montgrí,171997,10,Baix Empordà
Torroja del Priorat,431541,29,Priorat
Tortellà,172001,19,Garrotxa
Tortosa,431554,9,Baix Ebre
Torà,252234,32,Segarra
Toses,172018,31,Ripollès
Tossa de Mar,172023,34,Selva
Tremp,252347,25,Pallars Jussà
Tàrrega,252173,38,Urgell
Térmens,252206,23,Noguera
Tírvia,252213,26,Pallars Sobirà
Ullastrell,82900,40,Vallès Occidental
Ullastret,172057,10,Baix Empordà
Ulldecona,431567,22,Montsià
Ulldemolins,431573,29,Priorat
Ullà,172044,10,Baix Empordà
Ultramort,172039,10,Baix Empordà
Urús,172060,15,Cerdanya
Vacarisses,82917,40,Vallès Occidental
"Vajol, la",170144,2,Alt Empordà
"Vall d'en Bas, la",172076,19,Garrotxa
"Vall de Bianya, la",172082,19,Garrotxa
"Vall de Boí, la",250432,5,Alta Ribagorça
Vall de Cardós,259010,26,Pallars Sobirà
Vall-llobrega,172095,10,Baix Empordà
Vallbona d'Anoia,82922,6,Anoia
Vallbona de les Monges,252385,38,Urgell
Vallcebre,82938,14,Berguedà
Vallclara,431589,16,Conca de Barberà
Vallfogona de Balaguer,252402,23,Noguera
Vallfogona de Ripollès,171707,31,Ripollès
Vallfogona de Riucorb,431592,16,Conca de Barberà
Vallgorguina,82943,41,Vallès Oriental
Vallirana,82956,11,Baix Llobregat
Vallmoll,431606,1,Alt Camp
Vallromanes,82969,41,Vallès Oriental
Valls,431613,1,Alt Camp
"Valls d'Aguilar, les",259062,4,Alt Urgell
"Valls de Valira, les",252398,4,Alt Urgell
Vandellòs i l'Hospitalet de l'Infant,431628,8,Baix Camp
"Vansa i Fórnols, la",259097,4,Alt Urgell
Veciana,82975,6,Anoia
"Vendrell, el",431634,12,Baix Penedès
Ventalló,172109,2,Alt Empordà
Verdú,252424,38,Urgell
Verges,172116,10,Baix Empordà
Vespella de Gaià,431649,36,Tarragonès
Vic,82981,24,Osona
Vidreres,172137,34,Selva
Vidrà,172121,24,Osona
Vielha e Mijaran,252430,39,Aran
Vila-rodona,431704,1,Alt Camp
Vila-sacra,172305,2,Alt Empordà
Vila-sana,252521,27,Pla d'Urgell
Vila-seca,431711,36,Tarragonès
Vilabella,431652,1,Alt Camp
Vilabertran,172142,2,Alt Empordà
Vilablareix,172155,20,Gironès
Vilada,82994,14,Berguedà
Viladamat,172174,2,Alt Empordà
Viladasens,172168,20,Gironès
Viladecans,83015,11,Baix Llobregat
Viladecavalls,83008,40,Vallès Occidental
Vilademuls,172180,28,Pla de l'Estany
Viladrau,172207,24,Osona
Vilafant,172214,2,Alt Empordà
Vilafranca del Penedès,83054,3,Alt Penedès
Vilagrassa,252445,38,Urgell
Vilajuïga,172235,2,Alt Empordà
Vilalba Sasserra,83067,41,Vallès Oriental
Vilalba dels Arcs,431750,37,Terra Alta
Vilaller,252458,5,Alta Ribagorça
Vilallonga de Ter,172240,31,Ripollès
Vilallonga del Camp,431665,36,Tarragonès
Vilamacolum,172253,2,Alt Empordà
Vilamalla,172266,2,Alt Empordà
Vilamaniscle,172272,2,Alt Empordà
Vilamòs,252477,39,Aran
Vilanant,172288,2,Alt Empordà
Vilanova d'Escornalbou,431671,8,Baix Camp
Vilanova de Bellpuig,252483,27,Pla d'Urgell
Vilanova de Meià,252509,23,Noguera
Vilanova de Prades,431687,16,Conca de Barberà
Vilanova de Sau,83036,24,Osona
Vilanova de Segrià,252516,33,Segrià
Vilanova de l'Aguda,252496,23,Noguera
Vilanova de la Barca,252542,33,Segrià
Vilanova del Camí,83020,6,Anoia
Vilanova del Vallès,89024,41,Vallès Oriental
Vilanova i la Geltrú,83073,17,Garraf
Vilaplana,431690,8,Baix Camp
Vilassar de Dalt,82140,21,Maresme
Vilassar de Mar,82191,21,Maresme
Vilaverd,431726,16,Conca de Barberà
Vilaür,172229,2,Alt Empordà
"Vilella Alta, la",431732,29,Priorat
"Vilella Baixa, la",431747,29,Priorat
Vilobí d'Onyar,172333,34,Selva
Vilobí del Penedès,83041,3,Alt Penedès
Vilopriu,172327,10,Baix Empordà
"Vilosell, el",252537,18,Garrigues
Vimbodí i Poblet,431763,16,Conca de Barberà
Vinaixa,252555,18,Garrigues
Vinebre,431779,30,Ribera d'Ebre
Vinyols i els Arcs,431785,8,Baix Camp
Viver i Serrateix,83089,14,Berguedà
Xerta,430521,9,Baix Ebre
Àger,250024,23,Noguera
Òdena,81430,6,Anoia
Òrrius,81537,21,Maresme
